{"context":{"loaders":[{"path":"/Users/user/Desktop/handyman-front/node_modules/style-loader/index.js","request":"/Users/user/Desktop/handyman-front/node_modules/style-loader/index.js"},{"path":"/Users/user/Desktop/handyman-front/node_modules/css-loader/index.js","request":"/Users/user/Desktop/handyman-front/node_modules/css-loader/index.js"},{"path":"/Users/user/Desktop/handyman-front/node_modules/postcss-loader/index.js","request":"/Users/user/Desktop/handyman-front/node_modules/postcss-loader/index.js"},{"path":"/Users/user/Desktop/handyman-front/node_modules/sass-loader/lib/loader.js","request":"/Users/user/Desktop/handyman-front/node_modules/sass-loader/lib/loader.js"}],"external":{}},"mtimes":{"/Users/user/Desktop/handyman-front/src/style/style.scss":{"mtime":1606467972675,"compiledPath":"/Users/user/Desktop/handyman-front/.happypack/s-1515521189","error":null}}}